{
  "model/models.js": 1765432781000,
  "controller/App.controller.js": 1765438346000,
  "controller/View3.controller.js": 1766580889319,
  "controller/View2.controller.js": 1766580893235,
  "controller/View1.controller.js": 1767603739992,
  "controller/Home.controller.js": 1766466517000,
  "i18n/i18n.properties": 1765538436000,
  "manifest.json": 1766572317414,
  "Component.js": 1765432781000,
  "model/models-dbg.js": 1765432781000,
  "model/models.js.map": 1767604134483,
  "controller/View3-dbg.controller.js": 1766580889319,
  "controller/View3.controller.js.map": 1767604134762,
  "controller/View2-dbg.controller.js": 1766580893235,
  "controller/View2.controller.js.map": 1767604134744,
  "controller/View1-dbg.controller.js": 1767603739992,
  "controller/View1.controller.js.map": 1767604134879,
  "controller/Home-dbg.controller.js": 1766466517000,
  "controller/Home.controller.js.map": 1767604134490,
  "controller/App-dbg.controller.js": 1765438346000,
  "controller/App.controller.js.map": 1767604134493,
  "Component-dbg.js": 1765432781000,
  "Component.js.map": 1767604134496,
  "Component-preload.js": 1767604135390,
  "Component-preload.js.map": 1767604135390,
  "view/View3.view.xml": 1766581032174,
  "view/View2.view.xml": 1766580989398,
  "view/View1.view.xml": 1766580978238,
  "view/Home.view.xml": 1765739105000,
  "view/App.view.xml": 1765438238000,
  "images/logo.png": 1765739783000,
  "css/style.css": 1765520733000,
  "index.html": 1766571122593
}